line_id,name,gender,age,district,subdistrict,address,quarantine_from,quarantine_to
Useed001993908,สมชาย แสงจันทร์,male,43,เมืองภูเก็ต,ตลาดใหญ่,167/2 หมู่ 2,2026-08-24,2026-09-07
Useed002383452,สมหญิง สุขใจ,female,21,เมืองภูเก็ต,ตลาดเหนือ,130/7 หมู่ 1,2026-08-29,2026-09-12
Useed003454710,วิชัย พูลสวัสดิ์,male,22,เมืองภูเก็ต,เกาะแก้ว,62/3 หมู่ 9,2026-09-03,2026-09-17
Useed004061981,มาลี สุขใจ,female,25,เมืองภูเก็ต,รัษฎา,58/19 หมู่ 1,2026-09-05,2026-09-19
Useed005051998,ประยุทธ ศรีสุข,male,20,เมืองภูเก็ต,ฉลอง,143/5 หมู่ 5,2026-09-08,2026-09-22
Useed006151262,สุดา ถาวร,female,25,เมืองภูเก็ต,ราไวย์,147/10 หมู่ 9,2026-09-11,2026-09-25
Useed007108061,อนันต์ สุขใจ,male,54,เมืองภูเก็ต,กะรน,164/7 หมู่ 6,2026-09-13,2026-09-27
Useed008574351,กาญจนา รักษ์ทะเล,female,54,กะทู้,กะทู้,16/20 หมู่ 4,2026-09-15,2026-09-29
Useed009713451,ธีระ ถาวร,male,45,กะทู้,ป่าตอง,199/11 หมู่ 8,2026-09-17,2026-10-01
Useed010379146,พรทิพย์ ทองดี,female,33,กะทู้,กมลา,47/8 หมู่ 2,2026-09-18,2026-10-02
Useed011550708,สมศักดิ์ เกาะแก้ว,male,74,ถลาง,เทพกระษัตรี,88/15 หมู่ 5,2026-09-19,2026-10-03
Useed012123800,นภา ถาวร,female,44,ถลาง,ศรีสุนทร,43/11 หมู่ 3,2026-09-20,2026-10-04
Useed013442182,เอกชัย ใจดี,male,60,ถลาง,เชิงทะเล,20/18 หมู่ 6,2026-09-21,2026-10-05
Useed014729070,รัตนา บุญมา,female,56,ถลาง,ป่าคลอก,128/19 หมู่ 8,2026-09-22,2026-10-06
Useed015880770,จิรายุ รักษ์ทะเล,male,35,ถลาง,ไม้ขาว,122/3 หมู่ 1,2026-09-23,2026-10-07
Useed016678563,ปวีณา สุขใจ,female,61,ถลาง,สาคู,115/10 หมู่ 7,2026-09-24,2026-10-08
Useed017986341,สุรชัย เกาะแก้ว,male,40,ถลาง,ศรีสุนทร,44/20 หมู่ 2,2026-09-25,2026-10-09
Useed018228807,วราภรณ์ ทองดี,female,26,ถลาง,สาคู,190/8 หมู่ 7,2026-09-26,2026-10-10
Useed019084495,ณัฐพล แสงจันทร์,male,46,ถลาง,เชิงทะเล,103/18 หมู่ 5,2026-09-27,2026-10-11
Useed020905953,อรทัย ถาวร,female,35,เมืองภูเก็ต,ฉลอง,181/14 หมู่ 6,2026-09-28,2026-10-12
Useed021158252,ภาณุ รักษ์ทะเล,male,29,ถลาง,เชิงทะเล,39/8 หมู่ 4,2026-09-29,2026-10-13
Useed022871464,ศิริพร สุขใจ,female,29,เมืองภูเก็ต,ตลาดใหญ่,68/10 หมู่ 1,2026-09-30,2026-10-14
Useed023560559,ชัยวัฒน์ บุญมา,male,57,เมืองภูเก็ต,ฉลอง,145/11 หมู่ 3,2026-10-01,2026-10-15
Useed024943228,ดวงใจ ถาวร,female,43,เมืองภูเก็ต,ตลาดเหนือ,102/13 หมู่ 7,2026-10-02,2026-10-16
Useed025665100,เกรียงไกร พูลสวัสดิ์,male,21,เมืองภูเก็ต,รัษฎา,49/3 หมู่ 4,2026-10-03,2026-10-17
Useed026115268,พิมพ์ใจ บุญมา,female,56,ถลาง,ไม้ขาว,14/4 หมู่ 1,2026-10-03,2026-10-17
Useed027995044,วีระ บุญมา,male,57,เมืองภูเก็ต,ฉลอง,7/3 หมู่ 4,2026-10-04,2026-10-18
Useed028665226,สายฝน ทองดี,female,40,ถลาง,เชิงทะเล,155/12 หมู่ 8,2026-10-05,2026-10-19
Useed029890174,ยุทธนา เกาะแก้ว,male,47,เมืองภูเก็ต,รัษฎา,123/16 หมู่ 5,2026-10-06,2026-10-20
Useed030107151,กนกวรรณ บุญมา,female,65,เมืองภูเก็ต,เกาะแก้ว,68/16 หมู่ 3,2026-10-08,2026-10-22
Useed031997180,สมบัติ ถาวร,male,41,เมืองภูเก็ต,ตลาดใหญ่,38/18 หมู่ 1,2026-10-10,2026-10-24
Useed032730015,อัญชลี ทองดี,female,51,กะทู้,กมลา,94/6 หมู่ 6,2026-09-14,2026-09-28
Useed033667357,ธนา ศรีสุข,male,57,กะทู้,กะทู้,195/7 หมู่ 4,2026-09-24,2026-10-08
Useed034209629,ลัดดา ถาวร,female,49,ถลาง,เชิงทะเล,92/1 หมู่ 1,2026-09-27,2026-10-11
Useed035271764,พงษ์ศักดิ์ ศรีสุข,male,62,กะทู้,ป่าตอง,155/12 หมู่ 8,2026-10-01,2026-10-15
Useed036084450,เพ็ญศรี ศรีสุข,female,24,ถลาง,ศรีสุนทร,59/16 หมู่ 4,2026-08-31,2026-09-14
Useed037506098,นิรันดร์ สุขใจ,male,75,ถลาง,เทพกระษัตรี,157/1 หมู่ 8,2026-09-06,2026-09-20
Useed038875192,สุภาพร รักษ์ทะเล,female,42,ถลาง,ศรีสุนทร,183/7 หมู่ 8,2026-09-16,2026-09-30
Useed039827468,คมสัน บุญมา,male,23,เมืองภูเก็ต,ราไวย์,185/13 หมู่ 8,2026-09-21,2026-10-05
Useed040760006,บุษบา แสงจันทร์,female,28,ถลาง,เชิงทะเล,33/1 หมู่ 3,2026-09-29,2026-10-13
